<?xml version="1.0"?>
<manifest xmlns="http://www.imsproject.org/xsd/imscp_rootv1p1p2" xmlns:adlcp="http://www.adlnet.org/xsd/adlcp_rootv1p2" xmlns:imsmd="http://www.imsglobal.org/xsd/imsmd_v1p2" xmlns:xsi="http://www.w3.org/2001/XMLSchema-instance" version="1.1" identifier="MANIFIEST-Riesgos_laborales_en_el_teletrabajo" xsi:schemaLocation="http://www.imsproject.org/xsd/imscp_rootv1p1p2 imscp_rootv1p1p2.xsd http://www.imsglobal.org/xsd/imsmd_rootv1p2p1 imsmd_rootv1p2p1.xsd http://www.adlnet.org/xsd/adlcp_rootv1p2 adlcp_rootv1p2.xsd">
  <metadata>
    <schema>ADL SCORM</schema>
    <schemaversion>1.2</schemaversion>
    <adlcp:location>imslrm.xml</adlcp:location>
  </metadata>
  <organizations default="ORG-001">
    <organization identifier="ORG-001" structure="hierarchical">
      <title>Contenido</title>
      <item identifier="I_Riesgos_laborales_en_el_teletrabajo" isvisible="true" identifierref="Riesgos_laborales_en_el_teletrabajo">
        <title>Riesgos laborales en el teletrabajo</title>
      </item>
    </organization>
  </organizations>
  <resources>
    <resource identifier="Riesgos_laborales_en_el_teletrabajo" type="webcontent" adlcp:scormtype="sco" href="Riesgos_laborales_en_el_teletrabajo.html">
      <file href="files/imagen_de_entrada_riesgos_laborales.gif"/>
      <file href="files/bannerriesgoslaborales.swf"/>
      <file href="files/m_1_general.png"/>
      <file href="files/mapa2.swf"/>
      <file href="files/factor_1.png"/>
      <file href="files/factor_2.png"/>
      <file href="files/factor_3.png"/>
      <file href="files/factor_4.png"/>
      <file href="files/factor_5.png"/>
      <file href="files/factor_6.png"/>
      <file href="files/factor_7.png"/>
      <file href="files/ba5432f30a783978b79cd377b23fcbbf.png"/>
      <file href="files/299a9262645d6e2bc8a9d599ac308686.png"/>
      <file href="files/df348d16173dabce769bab3a17e44776.png"/>
      <file href="files/ccad4292748c016661f79acdf957eff7.png"/>
      <file href="files/65cc2fc61e795ed16ebfee158f0a1bbc.png"/>
      <file href="files/c336ce3db496a050983aab2f6c4ee986.png"/>
      <file href="files/ab2a49e49e71bfc5fa82a7a974688444.png"/>
      <file href="files/regresar.png"/>
      <file href="files/construccion-02.png"/>
      <file href="files/768061187440dbb070fdbda34ef3313b.png"/>
      <file href="files/pintura-02.png"/>
      <file href="files/8e7086a9fc90479cae1793830ef479e4.png"/>
      <file href="files/hospital-02.png"/>
      <file href="files/d76886ec7b9bc289698d0f62ab6e87c4.png"/>
      <file href="files/oficina-02.png"/>
      <file href="files/vmovenormal2.swf"/>
      <file href="files/bc01f40cc923b859624ccb7e450d47eb.png"/>
      <file href="files/barras2.swf"/>
      <file href="files/bf75d96b95da55a49335086b2f0931b9.png"/>
      <file href="files/esfera2.swf"/>
      <file href="files/202255582e987ab94ebe322367dd8a02.png"/>
      <file href="files/mapa.swf"/>
      <file href="files/efectos_consecuencias.swf"/>
      <file href="files/numeros2.swf"/>
      <file href="files/como_se_originan_enfermedades.swf"/>
      <file href="files/videobeam-3d.swf"/>
      <file href="files/mapa2.swf"/>
      <file href="files/gestor_tic_escribe.png"/>
      <file href="files/bloques2.swf"/>
      <file href="files/obligaciones_teletrabajador-01.png"/>
      <file href="files/flecha_siguiente.png"/>
      <file href="files/teoria_tricondicional-01.png"/>
      <file href="files/ee01b4ebf522bc4660e372eb67630cfe.png"/>
      <file href="files/574b52dde930307757d340091b0c43d0.png"/>
      <file href="files/flecha_atras.png"/>
      <file href="files/dialogo.swf"/>
      <file href="files/tablet.swf"/>
      <file href="files/ideas.swf"/>
      <file href="files/autocuidado.swf"/>
      <file href="files/medidas_preventivas.swf"/>
      <file href="files/dialogo.swf"/>
      <file href="files/boton1.png"/>
      <file href="files/boton2.png"/>
      <file href="files/boton3.png"/>
      <file href="files/boton4.png"/>
      <file href="files/boton15_1.png"/>
      <file href="files/boton5.png"/>
      <file href="files/boton6.png"/>
      <file href="files/boton7.png"/>
      <file href="files/boton8.png"/>
      <file href="files/boton9.png"/>
      <file href="files/boton10.png"/>
      <file href="files/boton11.png"/>
      <file href="files/boton12.png"/>
      <file href="files/boton13.png"/>
      <file href="files/boton14.png"/>
      <file href="files/272516b2edb5c80b2b08feed373bf669.png"/>
      <file href="files/f79e9ff32d588bed84108ffd0f07dc93.png"/>
      <file href="files/0dfe564b1f2639a3b0b9ddb066c86da8.png"/>
      <file href="files/14100d92b03cbcbcb2660eeb8fc7c79c.png"/>
      <file href="files/9516f4be5dd27b41fad854ba3e22c956.png"/>
      <file href="files/8ca1b1bc89280855eebca608087563b0.png"/>
      <file href="files/e73b2f8c0581441e2a422ab72dd6c8d7.png"/>
      <file href="files/41a1816eec818e7f4a786f3d289f7795.png"/>
      <file href="files/5217990f53b3a87e6fa6a515a6c57e06.png"/>
      <file href="files/0e843cc6d2ab165aa6dbb3cca4270e53.png"/>
      <file href="files/3386066e37a51061b3026249dc6a5f6b.png"/>
      <file href="files/f346772db97b27665c5d3f51b8ce59e5.png"/>
      <file href="files/08b83af54723146c1d296ce096be79f1.png"/>
      <file href="files/7169395b6ca2014a3deb28a2329101b3.png"/>
      <file href="files/7330e07a6302ea4531731c94ebc14e08.png"/>
      <file href="files/76bcbe5c2b559e77d5772dcaca9ae09a.png"/>
      <file href="files/aseo.png"/>
      <file href="files/3aa11c162dfc14e219276409697d854b.png"/>
      <file href="files/flechas2.swf"/>
      <file href="files/4ada0569886ec9818e1bf28ae70ccf63.png"/>
      <file href="files/bloques2.swf"/>
      <file href="files/86b784e30b3b14fb4a02f40f5c13df04.png"/>
      <file href="files/imagenriesgoergonomico.jpg"/>
      <file href="files/18dd19f862429de973fbc39ab6cbaca1.png"/>
      <file href="files/prevencion_riesgos_locativos.swf"/>
      <file href="files/7adfa3a228b7939f843ec1c81b0fb024.png"/>
      <file href="files/vmovenormal2.swf"/>
      <file href="files/f00911ad829f8fc134c6b5124afc28ac.png"/>
      <file href="files/riesgos_publicos.swf"/>
      <file href="files/79e71b43657d8c4b56bf9939a6013878.png"/>
      <file href="files/1_2.gif"/>
      <file href="files/2.gif"/>
      <file href="files/e94718e4662288832b4ba5d5b0f432aa.png"/>
      <file href="files/mapa.swf"/>
      <file href="files/daf53f0dbf121a73b8f08c35b507834a.png"/>
      <file href="files/numeros2.swf"/>
      <file href="files/e48b63f4723fa0eda0b6d0d28df37ad0.png"/>
      <file href="files/fuentes_de_estres.swf"/>
      <file href="files/0260d48a073f2f6437e87a24ebd5e9c2.png"/>
      <file href="files/tecnicas_relajacion.swf"/>
      <file href="files/81603c6f06ab1352536285348b7b5a19.png"/>
      <file href="files/tecnicas_autocontrol.swf"/>
      <file href="files/c599461b6308e792f636390bd48f2dcb.png"/>
      <file href="files/habilidades_enfrentamiento.png"/>
      <file href="files/9b05a7231eeffafa57f13e79addd7b44.png"/>
      <file href="files/resolucion_problema.swf"/>
      <file href="files/c527423b4dedf22b30d38a3d93b64d52.png"/>
      <file href="files/relaciones_interpersonales.png"/>
      <file href="files/4581d42c4c081c4eaabbee846b2a326f.png"/>
      <file href="files/numeros2.swf"/>
      <file href="files/dialogo.swf"/>
      <file href="files/clic_franjas_azules.png"/>
      <file href="files/barras2.swf"/>
      <file href="files/actividad.swf"/>
      <file href="files/conceptmap.swf"/>
      <file href="theme/all/css/default.css"/>
      <file href="theme/all/css/default_ant.css"/>
      <file href="theme/all/css/default5-9-13.css"/>
      <file href="theme/all/css/SCO.css"/>
      <file href="theme/all/images/icon_games.png"/>
      <file href="theme/all/images/arrow_next_slide_disable.png"/>
      <file href="theme/all/images/_icon_task.png"/>
      <file href="theme/all/images/icon_skills.png"/>
      <file href="theme/all/images/icon_quiz.gif"/>
      <file href="theme/all/images/icon_games.gif"/>
      <file href="theme/all/images/wallpaper.jpg"/>
      <file href="theme/all/images/icon_quiz.png"/>
      <file href="theme/all/images/icon_content.gif"/>
      <file href="theme/all/images/arrow_previous_slide.png"/>
      <file href="theme/all/images/icon_quiz_disabled.png"/>
      <file href="theme/all/images/black_4.png"/>
      <file href="theme/all/images/icon_task_disabled.png"/>
      <file href="theme/all/images/bg_top_menu.png"/>
      <file href="theme/all/images/white_16.png"/>
      <file href="theme/all/images/icon_games_disabled.png"/>
      <file href="theme/all/images/black_16.png"/>
      <file href="theme/all/images/white_12.png"/>
      <file href="theme/all/images/white_2.png"/>
      <file href="theme/all/images/white_64.png"/>
      <file href="theme/all/images/_icon_games.png"/>
      <file href="theme/all/images/arrow_previous_slide_disable.png"/>
      <file href="theme/all/images/black_2.png"/>
      <file href="theme/all/images/space.png"/>
      <file href="theme/all/images/white_32.png"/>
      <file href="theme/all/images/black_12.png"/>
      <file href="theme/all/images/black_64.png"/>
      <file href="theme/all/images/_icon_quiz.png"/>
      <file href="theme/all/images/icon_content_disabled.png"/>
      <file href="theme/all/images/vivedigital.png"/>
      <file href="theme/all/images/black_8.png"/>
      <file href="theme/all/images/black_32.png"/>
      <file href="theme/all/images/icon_skills.gif"/>
      <file href="theme/all/images/icon_question_slide.png"/>
      <file href="theme/all/images/icon_content.png"/>
      <file href="theme/all/images/banner-bg.png"/>
      <file href="theme/all/images/white_4.png"/>
      <file href="theme/all/images/icon_task.png"/>
      <file href="theme/all/images/barra.png"/>
      <file href="theme/all/images/icon_skills_disabled.png"/>
      <file href="theme/all/images/white_8.png"/>
      <file href="theme/all/images/white_80.png"/>
      <file href="theme/all/images/black_24.png"/>
      <file href="theme/all/images/white_24.png"/>
      <file href="theme/all/images/arrow_next_slide.png"/>
      <file href="theme/all/images/white_92.png"/>
      <file href="theme/all/images/_icon_content.png"/>
      <file href="theme/all/images/icon_task.gif"/>
      <file href="theme/all/images/logomintic.png"/>
      <file href="theme/all/images/close.png"/>
      <file href="theme/all/images/icons.png"/>
      <file href="theme/all/images/soytic.png"/>
      <file href="js/custom.js"/>
      <file href="js/API.js"/>
      <file href="js/SCO.js"/>
      <file href="js/default_ant.js"/>
      <file href="js/jquery.js"/>
      <file href="js/default.js"/>
      <file href="js/default.oldjs"/>
      <file href="files/Riesgos_laborales.png"/>
      <file href="files/riesgo_psicosocial.png"/>
      <file href="files/Obligaciones_por_parte_empleador.png"/>
      <file href="files/f21.swf"/>
      <file href="files/p45.swf"/>
      <file href="files/p38.swf"/>
      <file href="files/a8281ae598b88de6c869766839db78973db0c87c07a2db2129f9bbf5a6fbfe732d02ee91a42c7023b0b4450d59173db06d59856a98e0befdc517f1cc3a5f2788_es_0_0_170_10.mp3"/>
      <file href="files/7299c73eee1914a98cfec09bad853f6719fec50c0b159429ba2c3535c293ec43d2f8184628f68fe07b1ef2397ebce7f87f36a0f692a59c6f324d5c77b1bb5c92_es_1_0_170_10.mp3"/>
      <file href="files/f26.swf"/>
      <file href="files/p46.swf"/>
      <file href="files/p34.swf"/>
      <file href="files/244ffd47d23866fb3b778f108b38e1484f1f5614d2e68a0512c7a188071e2f5579c8075d187c150e220aacfdc522b8bfa3726702dbf40e79868c031f157a3426_es_0_0_170_10.mp3"/>
      <file href="files/1fa45123525184e0f4638f7be02e168027939bab560553c6d89ced8741dd2f552988c185de0803069c0a1587703aaeca0b7f3859e6e53a262a6be491225fd12d_es_0_0_170_10.mp3"/>
      <file href="files/afdde63f7217bdc783d5c3fc100e50d702a8cc55ec7ed5cf978693e59c7f768aa9b8b16d90a65dee62e944c7984341722a18dde8305cd3f89900a333c80c5699_es_1_0_170_10.mp3"/>
      <file href="files/ee19a9bad69fe83f556be7192a2b81e99433385b620edc8e48bc988f4d26921ca9307a1fee83c3ce34bfd217dedbc3abcad17d8b566a7417e660e52c51fc3bbc_es_1_0_170_10.mp3"/>
      <file href="files/Punto1.png"/>
      <file href="files/f27.swf"/>
      <file href="files/p39.swf"/>
      <file href="files/p35.swf"/>
      <file href="files/d2c2240a4d7db0177258201f5ca51f6fc6a8848d941e9fb648ea0d74744b69aa79cab1feb0edc7039ec52547c745378477a5f37a720badb1762e676affbdddba_es_0_0_170_10.mp3"/>
      <file href="files/9df12205864d631f2b04185ba7ceea4137e70e9ee7b8ed035a399c5e09eeab51851af9b3dfc8be08c9e4cb66ed264f24a0e111914a23e694698fda1bbf1bfc76_es_1_0_170_10.mp3"/>
      <file href="files/9f461266447299259185d20dd50e48646a96c8051412928531207ddd0aa64047f3fa99252494275d83e3926194f7e9cb8a999600e82df760c392ca935299883e_es_0_0_170_10.mp3"/>
      <file href="files/b0a7524b881d7c0839ed7f9847901e02d17daa8270c5984d42be21c28bd9ac92ff937695f0161ffbced44c7ba11483bcdcdb57493d02560a2db567656aa90d51_es_1_0_170_10.mp3"/>
      <file href="Riesgos_laborales_en_el_teletrabajo.html"/>
    </resource>
  </resources>
</manifest>
